Mini USA,8801,41,63,$2.00,https://sleevekings.com/products/sleeve-kings-mini-usa-card-sleeves-41x63mm-110-pack-60-microns-5
Mini Chimera,8802,43,65,$2.00,https://sleevekings.com/products/sleeve-kings-mini-chimera-card-sleeves-43x65mm-110-pack-60-microns-5
Mini Euro,8803,45,68,$2.00,https://sleevekings.com/products/sleeve-kings-mini-euro-card-sleeves-45x68mm-110-pack-60-microns-5
Sails of Glory,8804,50,75,$2.50,https://sleevekings.com/products/sleeve-kings-sails-of-glory-card-sleeves-50x75mm-110-pack-60-microns-5
Kingdom Death Monster,8805,52,52,$2.50,https://sleevekings.com/collections/wholesale/products/sleeve-kings-mini-euro-card-sleeves-45x68mm-110-pack-60-microns-5
Yucatan Narrow,8806,54,80,$2.50,https://sleevekings.com/collections/wholesale/products/sleeve-kings-yucatan-card-sleeves-54x80mm-110-pack-60-microns-5
Standard USA,8807,56,87,$2.50,https://sleevekings.com/collections/wholesale/products/sleeve-kings-standard-usa-card-sleeves-56x87mm-110-pack-60-microns-5
Chimera,8808,57.5,89,$2.50,https://sleevekings.com/collections/wholesale/products/sleeve-kings-standard-usa-chimera-card-sleeves-57-5x89mm-110-pack-60-microns-4
Euro Size,8809,59,92,$2.50,https://sleevekings.com/collections/wholesale/products/sleeve-kings-euro-card-sleeves-59x92mm-110-pack-60-microns-6
Standard Size,8810,63.5,88,$2.50,https://sleevekings.com/collections/wholesale/products/sleeve-kings-card-game-card-sleeves-63-5x88mm-110-pack-60-microns-5
Magnum Copper,8811,65,100,$3.00,https://sleevekings.com/collections/wholesale/products/sleeve-kings-magnum-7-wonders-card-sleeves-65x100mm-110-pack-60-microns-5
Small Square,8812,70,70,$2.50,https://sleevekings.com/collections/wholesale/products/sleeve-kings-small-square-card-sleeves-70x70mm-110-pack-60-microns-5
Magnum Silver,8813,70,110,$3.00,https://sleevekings.com/collections/wholesale/products/sleeve-kings-magnum-lost-cities-card-sleeves-70x110mm-110-pack-60-microns-5
Custom 7100,8814,70,120,$3.00,https://sleevekings.com/collections/wholesale/products/sleeve-kings-wotr-card-sleeves-70x120mm-110-pack-60-microns-3
Medium Square,8815,80,80,$3.00,https://sleevekings.com/collections/wholesale/products/sleeve-kings-medium-square-card-sleeves-80x80mm-110-pack-60-microns-5
Magnum Gold,8816,80,120,$3.00,https://sleevekings.com/collections/wholesale/products/sleeve-kings-magnum-dixit-card-sleeves-80x120mm-110-pack-60-microns-3
Space Base,8817,49,89,$2.00,https://sleevekings.com/collections/wholesale/products/sleeve-kings-space-base-compatible-sleeves-40x89mm-110-pack-60-microns-5
Tiny Epic Kingdoms,8818,88,125,$3.00,https://sleevekings.com/collections/wholesale/products/sleeve-kings-tiny-epic-compatible-sleeves-88x125mm-110-pack-60-microns-5
Blood Bowl,8819,78,113,$3.00,https://sleevekings.com/collections/wholesale/products/sleeve-kings-blood-bowl-compatible-sleeves-78x113mm-110-pack-60-microns-5
"""Super Large"" Sleeves ",8820,102,127,$3.50,https://sleevekings.com/collections/wholesale/products/sleeve-kings-super-large-sleeves-102x127mm-110-pack-60-microns-2
SKS-8821 Sleeve Kings Only,8821,54,86,$2.50,https://sleevekings.com/collections/sleeves-by-skus/products/north-sea-compatible-sleeves-54x86mm-110-pack-sks-8821
Betrayal At House Compatible,8822,58,108,$3.00,https://sleevekings.com/collections/sleeves-by-skus/products/betrayal-at-house-compatible-sleeves-58x108mm-110-pack-sks-8822
Magnum Space,8823,60,102,$3.00,https://sleevekings.com/products/space-alert-compatible-sleeves-60x102mm-110-pack-sks-8823?_pos=1&_sid=ab47acc90&_ss=r
Dwarf King,8824,61,112,$3.00,https://sleevekings.com/products/french-tarot-card-sleeves-61x112mm-110-pack-sks-8824
Mega Civilization,8825,75,110,$3.00,https://sleevekings.com/products/war-hammer-quest-compatible-sleeves-75x110mm-110-pack-sks-8825?_pos=1&_sid=86e30e663&_ss=r
Hogwarts Battle Square,8826,76,76,$2.50,https://sleevekings.com/collections/sleeves-by-skus/products/hogwarts-battle-square-compatible-sleeves-76x76mm-110-pack-sks-8826
Zombicide Compatible,8827,76,88,$3.00,https://sleevekings.com/collections/sleeves-by-skus/products/zombicide-compatible-sleeves-76x88mm-110-pack-sks-8827
Hogwarts Battle Large,8828,76,102,$3.00,https://sleevekings.com/collections/sleeves-by-skus/products/hogwarts-battle-large-sleeves-76x102mm-110-pack-sks-8828
Space Alert Large,8829,67,103,$3.00,https://sleevekings.com/collections/sleeves-by-skus/products/space-alert-large-compatible-sleeves-67x103mm-110-pack-sks-8829
WOTR Perfect,8830,68,120,$3.00,https://sleevekings.com/collections/sleeves-by-skus/products/wotr-perfect-compatible-sleeves-68x120mm-110-pack-sks-8830
Super Large,8831,89,146,$3.50,https://sleevekings.com/collections/sleeves-by-skus/products/super-large-sleeves-89x146mm-110-pack-sks-8831
XXL Super Large,8832,101.5,153,$3.50,https://sleevekings.com/collections/sleeves-by-skus/products/xxl-super-large-sleeves-101-5x153mm-110-pack-sks-8832
XXXL Super Large,8833,101.5,203,$3.50,https://sleevekings.com/collections/sleeves-by-skus/products/xxxl-super-large-sleeves-101-5x203mm-110-pack-sks-8833
4XL Sleeves,8834,103,128,$3.50,https://sleevekings.com/collections/sleeves-by-skus/products/sleeve-kings-4xl-sleeves-103-x-128-110-pack-sks-8834
5XL Sleeves,8835,120,210,$4.00,https://sleevekings.com/collections/sleeves-by-skus/products/sleeve-kings-5xl-120-x-210-110-pack-sks-8835
"""Middara Compatible 6XL"" Card Sleeves (127 x 153)",8836,127,153,$4.00,https://sleevekings.com/collections/sleeves-by-skus/products/sleeve-kings-middara-compatible-6xl-card-sleeves-127-x-153-110-pack-sks-8836
7XL Sleeves,8837,130,195,$4.00,https://sleevekings.com/collections/sleeves-by-skus/products/sleeve-kings-7xl-sleeves-130-x-195-110-pack-sks-8837
"""Etherfields Compatible"" Sleeves (100 X 100 MM)",8838,100,100,$3.50,https://sleevekings.com/collections/sleeves-by-skus/products/etherfields-compatible-sleeves-100-x-100-mm-110-pack-sks-8838
" ""8XL"" Sleeves (90 X 140 MM)  (Castle von Loghan^ Phantom: Treasures of Drakon)â€¦",8839,90,140,$4.00,https://sleevekings.com/collections/sleeves-by-skus/products/8xl-sleeves-90-x-140-mm-castle-von-loghan-phantom-treasures-of-drakon-110-pack-sks-8839